Year,Treasury Shares Number,Ordinary Shares Number,Share Issued,Net Debt,Total Debt,Tangible Book Value,Invested Capital,Working Capital,Net Tangible Assets,Capital Lease Obligations,Common Stock Equity,Total Capitalization,Total Equity Gross Minority Interest,Minority Interest,Stockholders Equity,Gains Losses Not Affecting Retained Earnings,Other Equity Adjustments,Treasury Stock,Retained Earnings,Capital Stock,Common Stock,Total Liabilities Net Minority Interest,Total Non Current Liabilities Net Minority Interest,Other Non Current Liabilities,Employee Benefits,Non Current Pension And Other Postretirement Benefit Plans,Dueto Related Parties Non Current,Tradeand Other Payables Non Current,Non Current Deferred Liabilities,Non Current Deferred Taxes Liabilities,Long Term Debt And Capital Lease Obligation,Long Term Capital Lease Obligation,Long Term Debt,Current Liabilities,Current Debt And Capital Lease Obligation,Current Debt,Other Current Borrowings,Line Of Credit,Commercial Paper,Payables And Accrued Expenses,Payables,Other Payable,Dueto Related Parties Current,Total Tax Payable,Income Tax Payable,Accounts Payable,Total Assets,Total Non Current Assets,Other Non Current Assets,Non Current Prepaid Assets,Non Current Accounts Receivable,Investments And Advances,Investmentin Financial Assets,Available For Sale Securities,Long Term Equity Investment,Net PPE,Accumulated Depreciation,Gross PPE,Other Properties,Current Assets,Other Current Assets,Restricted Cash,Inventory,Finished Goods,Raw Materials,Receivables,Other Receivables,Accounts Receivable,Allowance For Doubtful Accounts Receivable,Gross Accounts Receivable,Cash Cash Equivalents And Short Term Investments,Cash And Cash Equivalents,Ticker,Foreign Currency Translation Adjustments,Minimum Pension Liabilities,Unrealized Gain Loss,Additional Paid In Capital,Preferred Stock,Non Current Deferred Revenue,Current Capital Lease Obligation,Current Accrued Expenses,Non Current Deferred Assets,Goodwill And Other Intangible Assets,Goodwill,Prepaid Assets,Other Short Term Investments,Other Equity Interest,Derivative Product Liabilities,Non Current Accrued Expenses,Long Term Provisions,Other Current Liabilities,Current Provisions,Defined Pension Benefit,Non Current Deferred Taxes Assets,Financial Assets,Held To Maturity Securities,Financial Assets Designatedas Fair Value Through Profitor Loss Total,Investmentsin Joint Venturesat Cost,Investmentsin Associatesat Cost,Other Intangible Assets,Properties,Hedging Assets Current,Assets Held For Sale Current,Other Inventories,Taxes Receivable,Cash Equivalents,Cash Financial,Preferred Shares Number,Preferred Stock Equity,Other Investments,Machinery Furniture Equipment,Buildings And Improvements,Land And Improvements,Balance_Data_Status,Year_Date
2025-12-31,3840000000.0,4179000000.0,8019000000.0,26543000000.0,43537000000.0,259386000000.0,296610000000.0,11052000000.0,259386000000.0,6313000000.0,259386000000.0,287314000000.0,266626000000.0,7240000000.0,259386000000.0,-10863000000.0,-10863000000.0,258395000000.0,482494000000.0,46150000000.0,46150000000.0,182354000000.0,110024000000.0,26178000000.0,8847000000.0,8847000000.0,542000000.0,0.0,40216000000.0,40216000000.0,34241000000.0,6313000000.0,27928000000.0,72330000000.0,9296000000.0,9296000000.0,6234000000.0,3000000.0,3059000000.0,63034000000.0,63034000000.0,12619000000.0,8694000000.0,5672000000.0,2123000000.0,36049000000.0,448980000000.0,365598000000.0,20908000000.0,6130000000.0,6263000000.0,32924000000.0,271000000.0,271000000.0,32653000000.0,299373000000.0,-270686000000.0,570059000000.0,25366000000.0,83382000000.0,1837000000.0,0.0,26302000000.0,22979000000.0,3323000000.0,44562000000.0,8818000000.0,35744000000.0,-270000000.0,36014000000.0,10681000000.0,10681000000.0,XOM,,,,,,,,,,,,,,,,,,,,,,,,,,,,,,,,,,,,,,,,,Available,2025-12-31
2024-12-31,3666000000.0,4353094536.0,8019094536.0,14730000000.0,41710000000.0,263705000000.0,301464000000.0,21683000000.0,263705000000.0,3951000000.0,263705000000.0,296509000000.0,270606000000.0,6901000000.0,263705000000.0,-14619000000.0,-14619000000.0,238817000000.0,470903000000.0,46238000000.0,46238000000.0,182869000000.0,112562000000.0,25719000000.0,9700000000.0,9700000000.0,1346000000.0,0.0,39042000000.0,39042000000.0,36755000000.0,3951000000.0,32804000000.0,70307000000.0,4955000000.0,4955000000.0,4892000000.0,63000000.0,0.0,65352000000.0,65352000000.0,11197000000.0,10378000000.0,7632000000.0,4055000000.0,36145000000.0,453475000000.0,361485000000.0,19967000000.0,7084000000.0,5763000000.0,34353000000.0,343000000.0,343000000.0,34010000000.0,294318000000.0,-259585000000.0,553903000000.0,23823000000.0,91990000000.0,1598000000.0,158000000.0,23524000000.0,19444000000.0,4080000000.0,43681000000.0,8399000000.0,35282000000.0,-162000000.0,35444000000.0,23029000000.0,23029000000.0,XOM,,,,,,,,,,,,,,,,,,,,,,,,,,,,,,,,,,,,,,,,,Available,2024-12-31
2023-12-31,4048000000.0,3971000000.0,8019000000.0,6196000000.0,41573000000.0,204802000000.0,242537000000.0,31293000000.0,204802000000.0,3838000000.0,204802000000.0,238447000000.0,212538000000.0,7736000000.0,204802000000.0,-11989000000.0,-11989000000.0,254917000000.0,453927000000.0,17781000000.0,17781000000.0,163779000000.0,98463000000.0,24228000000.0,10496000000.0,10496000000.0,1804000000.0,0.0,24452000000.0,24452000000.0,37483000000.0,3838000000.0,33645000000.0,65316000000.0,4090000000.0,4090000000.0,4009000000.0,6000000.0,75000000.0,61226000000.0,61226000000.0,11086000000.0,11885000000.0,7006000000.0,3189000000.0,31249000000.0,376317000000.0,279708000000.0,17138000000.0,7527000000.0,5846000000.0,34257000000.0,177000000.0,177000000.0,34080000000.0,214940000000.0,-272445000000.0,487385000000.0,22768000000.0,96609000000.0,1906000000.0,29000000.0,25120000000.0,20528000000.0,4592000000.0,38015000000.0,7719000000.0,30296000000.0,-170000000.0,30466000000.0,31539000000.0,31539000000.0,XOM,,,,,,,,,,,,,,,,,,,,,,,,,,,,,,,,,,,,,,,,,Available,2023-12-31
2022-12-31,3937000000.0,4082000000.0,8019000000.0,8254000000.0,41193000000.0,195049000000.0,232943000000.0,28586000000.0,195049000000.0,3299000000.0,195049000000.0,232309000000.0,202473000000.0,7424000000.0,195049000000.0,-13270000000.0,-13270000000.0,240293000000.0,432860000000.0,15752000000.0,15752000000.0,166594000000.0,97549000000.0,21733000000.0,10045000000.0,10045000000.0,2338000000.0,0.0,22874000000.0,22874000000.0,40559000000.0,3299000000.0,37260000000.0,69045000000.0,634000000.0,634000000.0,181000000.0,379000000.0,74000000.0,68411000000.0,68411000000.0,11474000000.0,14585000000.0,9183000000.0,5214000000.0,33169000000.0,369067000000.0,271436000000.0,16951000000.0,8049000000.0,6944000000.0,34800000000.0,278000000.0,278000000.0,34522000000.0,204692000000.0,-268001000000.0,472693000000.0,18335000000.0,97631000000.0,1782000000.0,25000000.0,24435000000.0,20434000000.0,4001000000.0,41749000000.0,8905000000.0,32844000000.0,-168000000.0,33012000000.0,29640000000.0,29640000000.0,XOM,,,,,,,,,,,,,,,,,,,,,,,,,,,,,,,,,,,,,,,,,Available,2022-12-31
2025-12-31,462428458.0,1980248122.0,2442676580.0,33020000000.0,40758000000.0,181882000000.0,225763000000.0,5165000000.0,181882000000.0,1445000000.0,186450000000.0,225572000000.0,192176000000.0,5726000000.0,186450000000.0,-2704000000.0,8000000.0,51929000000.0,205365000000.0,1832000000.0,1832000000.0,131836000000.0,98449000000.0,24543000000.0,4111000000.0,,,,30014000000.0,30014000000.0,39781000000.0,659000000.0,39122000000.0,33387000000.0,977000000.0,191000000.0,191000000.0,,,32410000000.0,21647000000.0,,,2367000000.0,844000000.0,19280000000.0,324012000000.0,285460000000.0,16261000000.0,,1035000000.0,43867000000.0,,,,219729000000.0,-215226000000.0,434955000000.0,,38552000000.0,4469000000.0,,9711000000.0,7211000000.0,2500000000.0,18075000000.0,,18075000000.0,-176000000.0,18251000000.0,6297000000.0,6293000000.0,CVX,-199000000.0,-2509000000.0,-4000000.0,33886000000.0,0.0,,786000000.0,10763000000.0,,4568000000.0,4568000000.0,,4000000.0,,,,,,,,,,,,,,,,,,,,,,,,,,,,Available,2025-12-31
2024-12-31,673664306.0,1769012274.0,2442676580.0,17156000000.0,24541000000.0,147740000000.0,176255000000.0,2353000000.0,147740000000.0,604000000.0,152318000000.0,171907000000.0,153157000000.0,839000000.0,152318000000.0,-3000000000.0,-14000000.0,74037000000.0,205852000000.0,1832000000.0,1832000000.0,103781000000.0,65223000000.0,22094000000.0,3857000000.0,,,,19137000000.0,19137000000.0,20135000000.0,546000000.0,19589000000.0,38558000000.0,4406000000.0,4348000000.0,4348000000.0,,,34152000000.0,25666000000.0,,,3587000000.0,1872000000.0,22079000000.0,256938000000.0,216027000000.0,15335000000.0,,877000000.0,47438000000.0,,,,147799000000.0,-198134000000.0,345933000000.0,,40911000000.0,4368000000.0,,9074000000.0,6992000000.0,2082000000.0,20684000000.0,,20684000000.0,-259000000.0,20943000000.0,6785000000.0,6781000000.0,CVX,-259000000.0,-2708000000.0,-19000000.0,21671000000.0,0.0,,58000000.0,8486000000.0,,4578000000.0,4578000000.0,,4000000.0,,,,,,,,,,,,,,,,,,,,,,,,,,,,Available,2024-12-31
2023-12-31,591196776.0,1851479804.0,2442676580.0,12024000000.0,20836000000.0,156235000000.0,181159000000.0,8870000000.0,156235000000.0,634000000.0,160957000000.0,180690000000.0,161929000000.0,972000000.0,160957000000.0,-3200000000.0,5000000.0,59065000000.0,200025000000.0,1832000000.0,1832000000.0,99703000000.0,67445000000.0,24226000000.0,4082000000.0,,,,18830000000.0,18830000000.0,20307000000.0,574000000.0,19733000000.0,32258000000.0,529000000.0,469000000.0,469000000.0,,,31729000000.0,24074000000.0,,,3651000000.0,1863000000.0,20423000000.0,261632000000.0,220504000000.0,14409000000.0,,942000000.0,46812000000.0,,,,153619000000.0,-192462000000.0,346081000000.0,,41128000000.0,4372000000.0,,8612000000.0,6465000000.0,2147000000.0,19921000000.0,,19921000000.0,-301000000.0,20222000000.0,8223000000.0,8178000000.0,CVX,-192000000.0,-3002000000.0,-11000000.0,21365000000.0,0.0,,60000000.0,7655000000.0,,4722000000.0,4722000000.0,,45000000.0,,,,,,,,,,,,,,,,,,,,,,,,,,,,Available,2023-12-31
2022-12-31,541628237.0,1901048343.0,2442676580.0,5213000000.0,23339000000.0,154560000000.0,182173000000.0,16135000000.0,154560000000.0,448000000.0,159282000000.0,180254000000.0,160242000000.0,960000000.0,159282000000.0,-3038000000.0,-12000000.0,48196000000.0,190024000000.0,1832000000.0,1832000000.0,97467000000.0,63259000000.0,20396000000.0,4357000000.0,,,,17131000000.0,17131000000.0,21375000000.0,403000000.0,20972000000.0,34208000000.0,1964000000.0,1919000000.0,1919000000.0,,,32244000000.0,24758000000.0,,,5803000000.0,4381000000.0,18955000000.0,257709000000.0,207366000000.0,12746000000.0,,1069000000.0,45238000000.0,,,,143591000000.0,-184194000000.0,327785000000.0,,50343000000.0,3739000000.0,,8247000000.0,6381000000.0,1866000000.0,20456000000.0,,20456000000.0,-457000000.0,20913000000.0,17901000000.0,17678000000.0,CVX,-203000000.0,-2811000000.0,-12000000.0,18660000000.0,0.0,20396000000.0,45000000.0,7486000000.0,12310000000.0,4722000000.0,4722000000.0,3739000000.0,223000000.0,,,,,,,,,,,,,,,,,,,,,,,,,,,,Available,2022-12-31
2025-12-31,28744728.0,5689891670.0,5718636398.0,17080000000.0,75643000000.0,147720000000.0,221102000000.0,24758000000.0,147720000000.0,28933000000.0,174392000000.0,216585000000.0,175319000000.0,927000000.0,174392000000.0,,,847000000.0,153528000000.0,477000000.0,477000000.0,195031000000.0,112616000000.0,,,7136000000.0,,4463000000.0,,11983000000.0,66515000000.0,24322000000.0,42193000000.0,82415000000.0,9128000000.0,4517000000.0,,,,,49996000000.0,15846000000.0,,6010000000.0,,28140000000.0,370350000000.0,263177000000.0,,,,,1557000000.0,1478000000.0,27775000000.0,185077000000.0,-259861000000.0,444938000000.0,161389000000.0,107173000000.0,,586000000.0,22216000000.0,17925000000.0,1592000000.0,,7996000000.0,30005000000.0,-1052000000.0,31057000000.0,29630000000.0,29630000000.0,SHEL,,,,457000000.0,,,4611000000.0,,,26672000000.0,15662000000.0,4322000000.0,,1359000000.0,1108000000.0,,21411000000.0,,5884000000.0,5052000000.0,8173000000.0,619000000.0,39000000.0,40000000.0,,,11010000000.0,283549000000.0,9114000000.0,1030000000.0,2699000000.0,2080000000.0,,,,,,,,,Available,2025-12-31
2024-12-31,30800000.0,6084231158.0,6115031158.0,10540000000.0,77078000000.0,152795000000.0,226683000000.0,32892000000.0,152795000000.0,28702000000.0,178307000000.0,219763000000.0,180168000000.0,1861000000.0,178307000000.0,,,803000000.0,158834000000.0,510000000.0,510000000.0,207441000000.0,112407000000.0,,,6752000000.0,,3290000000.0,,13505000000.0,65448000000.0,23992000000.0,41456000000.0,95034000000.0,11630000000.0,6920000000.0,,,,,54102000000.0,16248000000.0,,8087000000.0,,29767000000.0,387609000000.0,259683000000.0,,,,,2255000000.0,2121000000.0,23445000000.0,185219000000.0,-245527000000.0,430746000000.0,150507000000.0,127926000000.0,,1274000000.0,23426000000.0,20211000000.0,1613000000.0,,8526000000.0,31041000000.0,-527000000.0,31568000000.0,37836000000.0,37836000000.0,SHEL,,,,424000000.0,,,4710000000.0,,,25512000000.0,16032000000.0,5713000000.0,,1417000000.0,2185000000.0,,21227000000.0,,4469000000.0,10003000000.0,6857000000.0,374000000.0,37000000.0,97000000.0,15783000000.0,7662000000.0,9480000000.0,280239000000.0,9673000000.0,9857000000.0,1602000000.0,391000000.0,,,,,,,,,Available,2024-12-31
2023-12-31,0.0,6524109049.0,6524109049.0,15518000000.0,81541000000.0,159694000000.0,240439000000.0,38648000000.0,159694000000.0,27709000000.0,186607000000.0,235151000000.0,188362000000.0,1755000000.0,186607000000.0,,,997000000.0,165915000000.0,544000000.0,544000000.0,217908000000.0,122441000000.0,,,7549000000.0,,3103000000.0,,15347000000.0,71610000000.0,23066000000.0,48544000000.0,95467000000.0,9931000000.0,5288000000.0,,,,,58524000000.0,17406000000.0,,6527000000.0,,34591000000.0,406270000000.0,272155000000.0,,,,,3246000000.0,2890000000.0,24457000000.0,194835000000.0,-260235000000.0,455070000000.0,160765000000.0,134115000000.0,,460000000.0,26019000000.0,22232000000.0,1679000000.0,,10098000000.0,36273000000.0,-600000000.0,36873000000.0,38314000000.0,38314000000.0,SHEL,,,,390000000.0,,,4643000000.0,,,26913000000.0,16660000000.0,6156000000.0,,1308000000.0,2301000000.0,,22531000000.0,,4041000000.0,9151000000.0,6454000000.0,801000000.0,28000000.0,328000000.0,17382000000.0,7075000000.0,10253000000.0,294305000000.0,15098000000.0,951000000.0,2108000000.0,558000000.0,32888000000.0,5886000000.0,,,,,,,Available,2023-12-31
2022-12-31,0.0,7003503393.0,7003503393.0,16062000000.0,83795000000.0,164771000000.0,246624000000.0,44627000000.0,164771000000.0,27643000000.0,190472000000.0,242004000000.0,192597000000.0,2125000000.0,190472000000.0,,,726000000.0,169482000000.0,584000000.0,584000000.0,250427000000.0,129116000000.0,-1000000.0,,7296000000.0,,3432000000.0,,16186000000.0,74794000000.0,23262000000.0,51532000000.0,121311000000.0,9001000000.0,4620000000.0,,,,,69271000000.0,18500000000.0,,8139000000.0,,42632000000.0,443024000000.0,277086000000.0,1000000.0,2160000000.0,,,3362000000.0,2841000000.0,23864000000.0,198642000000.0,-236319000000.0,434961000000.0,146380000000.0,165938000000.0,-1000000.0,156000000.0,31894000000.0,27823000000.0,1514000000.0,,12096000000.0,39334000000.0,-1055000000.0,40389000000.0,40090000000.0,40090000000.0,SHEL,,,,350000000.0,,,4381000000.0,,,25701000000.0,16039000000.0,14511000000.0,,1140000000.0,3563000000.0,253000000.0,23845000000.0,-1000000.0,2910000000.0,10200000000.0,7815000000.0,582000000.0,21000000.0,500000000.0,17056000000.0,6808000000.0,9662000000.0,288581000000.0,24437000000.0,2851000000.0,2557000000.0,363000000.0,33638000000.0,6608000000.0,,,,,,,Available,2022-12-31
2025-12-31,1109587709.0,15376725285.0,16486312994.0,21402000000.0,72529000000.0,34555000000.0,111010000000.0,21205000000.0,34555000000.0,14571000000.0,53052000000.0,107654000000.0,74000000000.0,20948000000.0,53052000000.0,,,8671000000.0,13971000000.0,4142000000.0,4121000000.0,204526000000.0,123945000000.0,,,4816000000.0,,7975000000.0,,7642000000.0,66341000000.0,11739000000.0,54602000000.0,80581000000.0,6188000000.0,3356000000.0,,,,,58105000000.0,17760000000.0,,1262000000.0,,56843000000.0,278526000000.0,176740000000.0,,608000000.0,,,841000000.0,816000000.0,20725000000.0,98633000000.0,-185363000000.0,287959000000.0,1863000000.0,101786000000.0,,4725000000.0,22499000000.0,17954000000.0,2105000000.0,,457000000.0,26014000000.0,,,36714000000.0,36556000000.0,BP,,,,16916000000.0,21000000.0,,2832000000.0,,,18497000000.0,10300000000.0,3422000000.0,158000000.0,,19667000000.0,1834000000.0,15670000000.0,,4709000000.0,7771000000.0,4325000000.0,20957000000.0,,25000000.0,13400000000.0,7325000000.0,8197000000.0,221564000000.0,5180000000.0,6347000000.0,2440000000.0,1153000000.0,,,12706000.0,21000000.0,857000000.0,57337000000.0,3184000000.0,4011000000.0,Available,2025-12-31
2024-12-31,811983840.0,15850481411.0,16662465251.0,25187000000.0,71547000000.0,39129000000.0,118772000000.0,20593000000.0,39150000000.0,12000000000.0,59225000000.0,114319000000.0,78318000000.0,19072000000.0,59246000000.0,,,9030000000.0,22531000000.0,4186000000.0,4165000000.0,203910000000.0,121669000000.0,,,4873000000.0,,9409000000.0,,8428000000.0,64413000000.0,9340000000.0,55073000000.0,82241000000.0,7134000000.0,4474000000.0,,,,,59984000000.0,17654000000.0,,3694000000.0,,38636000000.0,282228000000.0,179394000000.0,,548000000.0,,,1231000000.0,1095000000.0,20032000000.0,104676000000.0,-175241000000.0,279917000000.0,1431000000.0,102834000000.0,,4844000000.0,23232000000.0,19159000000.0,1946000000.0,,4526000000.0,21659000000.0,,,34525000000.0,34360000000.0,BP,,,,16837000000.0,21000000.0,,2660000000.0,,,20096000000.0,14888000000.0,2594000000.0,165000000.0,,18532000000.0,1326000000.0,14688000000.0,,3600000000.0,7457000000.0,5403000000.0,16114000000.0,,136000000.0,12291000000.0,7741000000.0,5208000000.0,215314000000.0,5112000000.0,4081000000.0,2127000000.0,2261000000.0,,,7233000.0,21000000.0,61000000.0,56332000000.0,2780000000.0,4060000000.0,Available,2024-12-31
2023-12-31,1077078898.0,16823721587.0,17900800485.0,24206000000.0,63075000000.0,52127000000.0,122216000000.0,18068000000.0,52148000000.0,11121000000.0,70262000000.0,118953000000.0,85493000000.0,15210000000.0,70283000000.0,,,11323000000.0,35339000000.0,4496000000.0,4475000000.0,194801000000.0,108723000000.0,,,5456000000.0,,10076000000.0,,9617000000.0,57141000000.0,8471000000.0,48670000000.0,86078000000.0,5934000000.0,3284000000.0,,,,,63887000000.0,16485000000.0,,4996000000.0,,42406000000.0,280294000000.0,176148000000.0,,623000000.0,,,2116000000.0,1177000000.0,20249000000.0,109047000000.0,-169590000000.0,278637000000.0,916000000.0,104146000000.0,,5282000000.0,22819000000.0,20900000000.0,1455000000.0,,5160000000.0,25175000000.0,,,28591000000.0,27748000000.0,BP,,,,16311000000.0,21000000.0,,2650000000.0,,,18135000000.0,12472000000.0,2520000000.0,843000000.0,,10402000000.0,1310000000.0,14721000000.0,,4418000000.0,7948000000.0,4268000000.0,9980000000.0,,939000000.0,12435000000.0,7814000000.0,5663000000.0,216463000000.0,12583000000.0,151000000.0,464000000.0,1865000000.0,,,7233000.0,21000000.0,73000000.0,55099000000.0,2235000000.0,3924000000.0,Available,2023-12-31
2022-12-31,940571000.0,18157212000.0,19097783000.0,23615000000.0,55493000000.0,49585000000.0,114476000000.0,8670000000.0,49606000000.0,8549000000.0,67532000000.0,111299000000.0,82990000000.0,15437000000.0,67553000000.0,,,12153000000.0,34732000000.0,4795000000.0,4774000000.0,205130000000.0,106112000000.0,,,5244000000.0,,10387000000.0,,10526000000.0,50193000000.0,6447000000.0,43746000000.0,99018000000.0,5300000000.0,3198000000.0,,,,,68049000000.0,14413000000.0,,6426000000.0,,47210000000.0,288120000000.0,180432000000.0,,576000000.0,,,2562000000.0,1040000000.0,20601000000.0,110257000000.0,-153817000000.0,264074000000.0,926000000.0,107688000000.0,,5866000000.0,28081000000.0,26357000000.0,1288000000.0,,5059000000.0,28229000000.0,,,23907000000.0,23329000000.0,BP,,,,15872000000.0,21000000.0,,2102000000.0,,,17947000000.0,11960000000.0,2092000000.0,578000000.0,,13537000000.0,1233000000.0,14992000000.0,,6332000000.0,9269000000.0,3908000000.0,12841000000.0,,1522000000.0,12400000000.0,8201000000.0,5987000000.0,205248000000.0,11554000000.0,1242000000.0,436000000.0,1658000000.0,,,7233000.0,21000000.0,108000000.0,52280000000.0,2107000000.0,3513000000.0,Available,2022-12-31
